model_key,mode,feature_bundle,selected_trial,params_json,accuracy_mean,accuracy_std,open_precision_mean,open_precision_std,open_recall_mean,open_recall_std,open_f1_mean,open_f1_std,closed_precision_mean,closed_precision_std,closed_recall_mean,closed_recall_std,closed_f1_mean,closed_f1_std,pr_auc_closed_mean,pr_auc_closed_std
lr,single,low_plus_medium,17,"{""C"": 3.710797642120777, ""class_weight"": ""balanced"", ""max_iter"": 3000, ""solver"": ""lbfgs""}",0.6951065412167519,0.017209491614864764,0.9372208503200653,0.009998706940737186,0.7122619047619047,0.020669766061205023,0.809178276595543,0.012890092563216897,0.15498977754456358,0.018189239478548128,0.524937343358396,0.08165467446318352,0.23905486157615397,0.028930240656228578,0.13949377753489692,0.01994977420951584
lr,two-stage,low_plus_medium,26,"{""C"": 0.02452116064720186, ""class_weight"": ""balanced"", ""max_iter"": 1000, ""solver"": ""lbfgs""}",0.7494141460916178,0.04240616477774954,0.9313501462990635,0.00777286527381318,0.7817857142857142,0.049047907997299585,0.8491850611217289,0.031070742220761706,0.16772749384591373,0.029127763458041866,0.4277986633249792,0.07448078969021527,0.23949381533100533,0.03760199836367673,0.18779010205455335,0.028663580604627446
